1	AFR
2	AFR
3	AFR
4	AFR
5	AFR
6	EUR
7	EUR
8	AFR
9	EUR
10	AFR
11	EUR
12	AFR
13	AFR
14	AFR
15	EUR
16	AFR
17	AFR
18	AFR
19	EUR
20	AFR
21	AFR
22	EUR
23	AFR
24	AFR
25	AFR
26	AFR
27	AFR
28	EUR
29	AFR
30	AFR
31	AFR
32	EUR
33	AFR
34	AFR
35	AFR
36	EUR
37	EUR
38	EUR
39	AFR
40	EUR
41	EUR
42	AFR
43	AFR
44	AFR
45	AFR
46	AFR
47	AFR
48	AFR
49	AFR
50	EUR
51	AFR
52	AFR
53	EUR
54	AFR
55	EUR
56	EUR
57	AFR
58	AFR
59	AFR
60	AFR
61	AFR
62	AFR
63	EUR
64	AFR
65	EUR
66	EUR
67	EUR
68	EUR
69	AFR
70	EUR
71	AFR
72	AFR
73	EUR
74	EUR
75	AFR
76	AFR
77	AFR
78	AFR
79	AFR
80	AFR
81	EUR
82	AFR
83	AFR
84	AFR
85	EUR
86	EUR
87	EUR
88	EUR
89	AFR
90	EUR
91	EUR
92	EUR
93	EUR
94	AFR
95	EUR
96	EUR
97	EUR
98	AFR
99	EUR
100	AFR
101	EUR
102	EUR
103	AFR
104	EUR
105	AFR
106	AFR
107	EUR
108	EUR
109	AFR
110	EUR
111	EUR
112	EUR
113	EUR
114	AFR
115	EUR
116	EUR
117	AFR
118	EUR
119	AFR
120	AFR
121	AFR
122	EUR
123	AFR
124	AFR
125	AFR
126	AFR
127	AFR
128	AFR
129	AFR
130	EUR
131	AFR
132	AFR
133	EUR
134	AFR
135	AFR
136	AFR
137	EUR
138	AFR
139	AFR
140	EUR
141	AFR
142	EUR
143	AFR
144	AFR
145	EUR
146	EUR
147	AFR
148	EUR
149	EUR
150	EUR
151	AFR
152	EUR
153	EUR
154	EUR
155	EUR
156	EUR
157	EUR
158	AFR
159	EUR
160	AFR
161	AFR
162	AFR
163	AFR
164	EUR
165	EUR
166	AFR
167	AFR
168	AFR
169	AFR
170	AFR
171	AFR
172	AFR
173	EUR
174	AFR
175	AFR
176	AFR
177	AFR
178	AFR
179	EUR
180	AFR
181	EUR
182	AFR
183	AFR
184	EUR
185	EUR
186	EUR
187	AFR
188	EUR
189	AFR
190	AFR
191	AFR
192	AFR
193	AFR
194	EUR
195	AFR
196	AFR
197	AFR
198	EUR
199	AFR
200	AFR
201	AFR
202	AFR
203	AFR
204	AFR
205	AFR
206	EUR
207	EUR
208	EUR
209	EUR
210	AFR
211	AFR
212	AFR
213	AFR
214	EUR
215	AFR
216	EUR
217	AFR
218	AFR
219	AFR
220	EUR
221	AFR
222	AFR
223	AFR
224	AFR
225	EUR
226	AFR
227	EUR
228	EUR
229	AFR
230	AFR
231	EUR
232	AFR
233	AFR
234	EUR
235	AFR
236	EUR
237	AFR
238	AFR
239	AFR
240	AFR
241	EUR
242	AFR
243	EUR
244	AFR
245	0
246	EUR
247	AFR
248	AFR
249	AFR
250	EUR
251	AFR
252	EUR
253	AFR
254	AFR
255	AFR
256	AFR
257	AFR
258	EUR
259	EUR
260	AFR
261	AFR
262	EUR
263	AFR
264	AFR
265	AFR
266	AFR
267	EUR
268	EUR
269	EUR
270	EUR
271	AFR
272	AFR
273	AFR
274	EUR
275	EUR
276	AFR
277	EUR
278	AFR
279	EUR
280	AFR
281	AFR
282	EUR
283	AFR
284	AFR
285	AFR
286	AFR
287	AFR
288	EUR
289	AFR
290	AFR
291	AFR
292	AFR
293	EUR
294	EUR
295	AFR
296	AFR
297	EUR
298	AFR
299	EUR
300	AFR
301	EUR
302	EUR
303	EUR
304	AFR
305	AFR
306	AFR
307	EUR
308	EUR
309	EUR
310	EUR
311	AFR
312	AFR
313	EUR
314	EUR
315	EUR
316	EUR
317	AFR
318	AFR
319	EUR
320	AFR
321	AFR
322	EUR
323	AFR
324	AFR
325	AFR
326	AFR
327	AFR
328	AFR
329	EUR
330	AFR
331	AFR
332	AFR
333	AFR
334	EUR
335	EUR
336	EUR
337	AFR
338	EUR
339	AFR
340	EUR
341	EUR
342	AFR
343	EUR
344	AFR
345	EUR
346	EUR
347	AFR
348	EUR
349	AFR
350	AFR
351	AFR
352	AFR
353	EUR
354	EUR
355	AFR
356	AFR
357	EUR
358	EUR
359	AFR
360	AFR
361	EUR
362	EUR
363	EUR
364	EUR
365	AFR
366	AFR
367	EUR
368	AFR
369	EUR
370	EUR
371	AFR
372	EUR
373	AFR
374	AFR
375	AFR
376	EUR
377	AFR
378	AFR
379	EUR
380	EUR
381	EUR
382	EUR
383	AFR
384	AFR
385	EUR
386	AFR
387	EUR
388	AFR
389	AFR
390	EUR
391	EUR
392	AFR
393	EUR
394	EUR
395	EUR
396	EUR
397	EUR
398	AFR
399	EUR
400	EUR
401	AFR
402	AFR
403	EUR
404	EUR
405	EUR
406	EUR
407	AFR
408	EUR
409	EUR
410	AFR
411	AFR
412	AFR
413	AFR
414	AFR
415	AFR
416	AFR
417	EUR
418	AFR
419	EUR
420	AFR
421	EUR
422	AFR
423	AFR
424	EUR
425	AFR
426	AFR
427	AFR
428	AFR
429	EUR
430	EUR
431	AFR
432	EUR
433	AFR
434	AFR
435	AFR
436	EUR
437	AFR
438	EUR
439	AFR
440	AFR
441	AFR
442	EUR
443	EUR
444	AFR
445	AFR
446	EUR
447	EUR
448	EUR
449	AFR
450	AFR
451	EUR
452	EUR
453	AFR
454	AFR
455	EUR
456	AFR
457	EUR
458	EUR
459	EUR
460	AFR
461	AFR
462	AFR
463	EUR
464	AFR
465	AFR
466	AFR
467	EUR
468	EUR
469	EUR
470	AFR
471	EUR
472	AFR
473	EUR
474	AFR
475	AFR
476	AFR
477	AFR
478	AFR
479	AFR
480	AFR
481	AFR
482	AFR
483	AFR
484	EUR
485	AFR
486	AFR
487	AFR
488	AFR
489	AFR
490	EUR
491	AFR
492	EUR
493	AFR
494	EUR
495	AFR
496	AFR
497	EUR
498	EUR
499	0
500	EUR
501	EUR
502	AFR
503	AFR
504	AFR
505	AFR
506	AFR
507	AFR
508	AFR
509	AFR
510	EUR
511	AFR
512	EUR
513	EUR
514	AFR
515	AFR
516	AFR
517	AFR
518	AFR
519	AFR
520	AFR
521	AFR
522	AFR
523	AFR
524	AFR
525	AFR
526	AFR
527	EUR
528	AFR
529	AFR
530	EUR
531	AFR
532	AFR
533	AFR
534	EUR
535	AFR
536	AFR
537	EUR
538	EUR
539	EUR
540	AFR
541	AFR
542	AFR
543	AFR
544	AFR
545	AFR
546	AFR
547	EUR
548	EUR
549	EUR
550	AFR
551	EUR
552	AFR
553	AFR
554	EUR
555	AFR
556	EUR
557	EUR
558	AFR
559	EUR
560	AFR
561	EUR
562	AFR
563	AFR
564	AFR
565	EUR
566	AFR
567	EUR
568	AFR
569	EUR
570	EUR
571	EUR
572	AFR
573	AFR
574	EUR
575	AFR
576	EUR
577	AFR
578	AFR
579	EUR
580	AFR
581	AFR
582	EUR
583	EUR
584	EUR
585	AFR
586	AFR
587	AFR
588	EUR
589	AFR
590	AFR
591	AFR
592	AFR
593	EUR
594	EUR
595	AFR
596	AFR
597	EUR
598	AFR
599	AFR
600	AFR
601	AFR
602	AFR
603	AFR
604	EUR
605	EUR
606	AFR
607	EUR
608	AFR
609	EUR
610	AFR
611	EUR
612	AFR
613	AFR
614	EUR
615	AFR
616	AFR
617	EUR
618	EUR
619	AFR
620	AFR
621	AFR
622	EUR
623	AFR
624	AFR
625	EUR
626	EUR
627	AFR
628	AFR
629	EUR
630	EUR
631	AFR
632	AFR
633	AFR
634	AFR
635	AFR
636	AFR
637	AFR
638	AFR
639	EUR
640	AFR
641	EUR
642	EUR
643	EUR
644	EUR
645	EUR
646	AFR
647	AFR
648	EUR
649	AFR
650	EUR
651	AFR
652	EUR
653	AFR
654	AFR
655	EUR
656	AFR
657	AFR
658	AFR
659	EUR
660	AFR
661	AFR
662	EUR
663	EUR
664	AFR
665	AFR
666	AFR
667	AFR
668	AFR
669	AFR
670	AFR
671	EUR
672	EUR
673	AFR
674	EUR
675	AFR
676	AFR
677	EUR
678	EUR
679	AFR
680	AFR
681	EUR
682	AFR
683	EUR
684	AFR
685	AFR
686	EUR
687	AFR
688	AFR
689	EUR
690	AFR
691	EUR
692	AFR
693	AFR
694	AFR
695	EUR
696	EUR
697	AFR
698	AFR
699	EUR
700	AFR
701	AFR
702	EUR
703	AFR
704	AFR
705	AFR
706	EUR
707	EUR
708	AFR
709	AFR
710	EUR
711	EUR
712	AFR
713	AFR
714	EUR
715	EUR
716	AFR
717	EUR
718	EUR
719	AFR
720	AFR
721	AFR
722	AFR
723	AFR
724	EUR
725	AFR
726	AFR
727	EUR
728	AFR
729	AFR
730	AFR
731	AFR
732	AFR
733	AFR
734	EUR
735	AFR
736	AFR
737	AFR
738	AFR
739	EUR
740	AFR
741	EUR
742	AFR
743	AFR
744	AFR
745	AFR
746	AFR
747	EUR
748	AFR
749	AFR
750	AFR
751	AFR
752	EUR
753	AFR
754	EUR
755	AFR
756	AFR
757	EUR
758	EUR
759	EUR
760	AFR
761	AFR
762	AFR
763	AFR
764	AFR
765	AFR
766	EUR
767	AFR
768	AFR
769	AFR
770	AFR
771	EUR
772	EUR
773	EUR
774	EUR
775	AFR
776	AFR
777	EUR
778	EUR
779	EUR
780	AFR
781	EUR
782	AFR
783	EUR
784	AFR
785	AFR
786	EUR
787	AFR
788	AFR
789	EUR
790	EUR
791	AFR
792	AFR
793	EUR
794	EUR
795	AFR
796	AFR
797	AFR
798	EUR
799	EUR
800	AFR
801	EUR
802	EUR
803	AFR
804	EUR
805	AFR
806	AFR
807	AFR
808	EUR
809	EUR
810	EUR
811	EUR
812	AFR
813	AFR
814	AFR
815	AFR
816	AFR
817	AFR
818	AFR
819	AFR
820	AFR
821	EUR
822	AFR
823	AFR
824	EUR
825	AFR
826	AFR
827	AFR
828	AFR
829	AFR
830	AFR
831	EUR
832	AFR
833	AFR
834	AFR
835	AFR
836	AFR
837	AFR
838	AFR
839	AFR
840	AFR
841	AFR
842	EUR
843	AFR
844	AFR
845	AFR
846	AFR
847	EUR
848	AFR
849	EUR
850	AFR
851	AFR
852	AFR
853	AFR
854	AFR
855	EUR
856	AFR
857	EUR
858	EUR
859	EUR
860	EUR
861	EUR
862	AFR
863	AFR
864	AFR
865	AFR
866	AFR
867	AFR
868	AFR
869	AFR
870	EUR
871	AFR
872	EUR
873	AFR
874	AFR
875	AFR
876	AFR
877	AFR
878	EUR
879	AFR
880	AFR
881	AFR
882	EUR
883	EUR
884	AFR
885	EUR
886	AFR
887	EUR
888	EUR
889	AFR
890	AFR
891	AFR
892	AFR
893	EUR
894	EUR
895	EUR
896	AFR
897	AFR
898	EUR
899	AFR
900	EUR
901	EUR
902	AFR
903	AFR
904	AFR
905	EUR
906	EUR
907	AFR
908	EUR
909	AFR
910	AFR
911	EUR
912	AFR
913	AFR
914	AFR
915	AFR
916	AFR
917	EUR
918	EUR
919	EUR
920	EUR
921	EUR
922	AFR
923	AFR
924	EUR
925	AFR
926	EUR
927	EUR
928	AFR
929	EUR
930	AFR
931	EUR
932	EUR
933	EUR
934	EUR
935	AFR
936	AFR
937	EUR
938	EUR
939	AFR
940	EUR
941	EUR
942	AFR
943	AFR
944	EUR
945	AFR
946	EUR
947	EUR
948	AFR
949	AFR
950	AFR
951	EUR
952	EUR
953	AFR
954	EUR
955	EUR
956	EUR
957	AFR
958	EUR
959	AFR
960	EUR
961	EUR
962	EUR
963	AFR
964	AFR
965	AFR
966	AFR
967	AFR
968	AFR
969	EUR
970	AFR
971	EUR
972	EUR
973	AFR
974	EUR
975	AFR
976	AFR
977	AFR
978	AFR
979	AFR
980	AFR
981	AFR
982	EUR
983	AFR
984	AFR
985	AFR
986	AFR
987	AFR
988	AFR
989	AFR
990	EUR
991	AFR
992	AFR
993	AFR
994	EUR
995	AFR
996	AFR
997	AFR
998	AFR
999	EUR
1000	AFR
1001	EUR
1002	AFR
1003	AFR
1004	EUR
1005	EUR
1006	AFR
1007	AFR
1008	EUR
1009	AFR
1010	EUR
1011	EUR
1012	EUR
1013	AFR
1014	AFR
1015	AFR
1016	AFR
1017	AFR
1018	AFR
1019	EUR
1020	AFR
1021	EUR
1022	AFR
1023	AFR
1024	AFR
1025	AFR
1026	EUR
1027	AFR
1028	AFR
1029	AFR
1030	AFR
1031	AFR
1032	EUR
1033	EUR
1034	AFR
1035	AFR
1036	AFR
1037	EUR
1038	EUR
1039	EUR
1040	AFR
1041	AFR
1042	EUR
1043	EUR
1044	AFR
1045	EUR
1046	EUR
1047	AFR
1048	AFR
1049	AFR
1050	AFR
1051	EUR
1052	EUR
1053	AFR
1054	AFR
1055	AFR
1056	AFR
1057	AFR
1058	EUR
1059	AFR
1060	AFR
1061	AFR
1062	AFR
1063	AFR
1064	AFR
1065	AFR
1066	EUR
1067	AFR
1068	EUR
1069	EUR
1070	EUR
1071	AFR
1072	AFR
1073	EUR
1074	EUR
1075	AFR
1076	AFR
1077	EUR
1078	AFR
1079	AFR
1080	EUR
1081	AFR
1082	AFR
1083	EUR
1084	AFR
1085	AFR
1086	AFR
1087	AFR
1088	AFR
1089	EUR
1090	AFR
1091	EUR
1092	EUR
1093	AFR
1094	AFR
1095	EUR
1096	AFR
1097	EUR
1098	AFR
1099	EUR
1100	EUR
1101	EUR
1102	EUR
1103	EUR
1104	AFR
1105	EUR
1106	AFR
1107	AFR
1108	AFR
1109	AFR
1110	AFR
1111	EUR
1112	AFR
1113	AFR
1114	EUR
1115	AFR
1116	EUR
1117	AFR
1118	AFR
1119	AFR
1120	EUR
1121	AFR
1122	EUR
1123	AFR
1124	EUR
1125	EUR
1126	AFR
1127	AFR
1128	EUR
1129	EUR
1130	AFR
1131	AFR
1132	EUR
1133	AFR
1134	AFR
1135	AFR
1136	AFR
1137	AFR
1138	AFR
1139	AFR
1140	EUR
1141	EUR
1142	AFR
1143	EUR
1144	AFR
1145	AFR
1146	AFR
1147	AFR
1148	AFR
1149	AFR
1150	AFR
1151	AFR
1152	EUR
1153	EUR
1154	AFR
1155	EUR
1156	EUR
1157	EUR
1158	AFR
1159	EUR
1160	AFR
1161	AFR
1162	EUR
1163	EUR
1164	EUR
1165	EUR
1166	EUR
1167	EUR
1168	AFR
1169	AFR
1170	AFR
1171	EUR
1172	EUR
1173	AFR
1174	AFR
1175	AFR
1176	AFR
1177	EUR
1178	AFR
1179	AFR
1180	AFR
1181	EUR
1182	EUR
1183	EUR
1184	EUR
1185	AFR
1186	AFR
1187	AFR
1188	AFR
1189	EUR
1190	AFR
1191	AFR
1192	EUR
1193	AFR
1194	EUR
1195	AFR
1196	AFR
1197	AFR
1198	EUR
1199	AFR
1200	AFR
1201	AFR
1202	AFR
1203	EUR
1204	AFR
1205	AFR
1206	AFR
1207	EUR
1208	EUR
1209	EUR
1210	EUR
1211	AFR
1212	EUR
1213	AFR
1214	AFR
1215	AFR
1216	AFR
1217	AFR
1218	AFR
1219	AFR
1220	AFR
1221	EUR
1222	EUR
1223	EUR
1224	EUR
1225	EUR
1226	AFR
1227	EUR
1228	AFR
1229	AFR
1230	AFR
1231	EUR
1232	EUR
1233	AFR
1234	EUR
1235	EUR
1236	AFR
1237	AFR
1238	AFR
1239	AFR
1240	EUR
1241	EUR
1242	AFR
1243	AFR
1244	AFR
1245	AFR
1246	EUR
1247	EUR
1248	EUR
1249	EUR
1250	AFR
1251	AFR
1252	EUR
1253	EUR
1254	AFR
1255	EUR
1256	EUR
1257	EUR
1258	AFR
1259	AFR
1260	AFR
1261	AFR
1262	AFR
1263	EUR
1264	EUR
1265	AFR
1266	AFR
1267	EUR
1268	AFR
1269	AFR
1270	AFR
1271	AFR
1272	AFR
1273	AFR
1274	AFR
1275	AFR
1276	EUR
1277	AFR
1278	AFR
1279	EUR
1280	AFR
1281	AFR
1282	EUR
1283	EUR
1284	EUR
1285	AFR
1286	AFR
1287	AFR
1288	AFR
1289	AFR
1290	EUR
1291	AFR
1292	EUR
1293	AFR
1294	AFR
1295	AFR
1296	AFR
1297	AFR
1298	AFR
1299	EUR
1300	AFR
1301	AFR
1302	AFR
1303	EUR
1304	EUR
1305	AFR
1306	EUR
1307	AFR
1308	EUR
1309	AFR
1310	EUR
1311	AFR
1312	AFR
1313	EUR
1314	AFR
1315	AFR
1316	AFR
1317	EUR
1318	AFR
1319	AFR
1320	AFR
1321	AFR
1322	EUR
1323	EUR
1324	EUR
1325	AFR
1326	AFR
1327	EUR
1328	AFR
1329	AFR
1330	EUR
1331	EUR
1332	AFR
1333	AFR
1334	AFR
1335	AFR
1336	AFR
1337	EUR
1338	AFR
1339	AFR
1340	AFR
1341	EUR
1342	AFR
1343	AFR
1344	AFR
1345	AFR
1346	AFR
1347	EUR
1348	EUR
1349	AFR
1350	AFR
1351	EUR
1352	EUR
1353	AFR
1354	AFR
1355	AFR
1356	AFR
1357	EUR
1358	EUR
1359	EUR
1360	AFR
1361	EUR
1362	AFR
1363	AFR
1364	AFR
1365	AFR
1366	AFR
1367	AFR
1368	AFR
1369	AFR
1370	AFR
1371	EUR
1372	AFR
1373	EUR
1374	EUR
1375	AFR
1376	EUR
1377	AFR
1378	AFR
1379	AFR
1380	AFR
1381	AFR
1382	EUR
1383	AFR
1384	AFR
1385	AFR
1386	AFR
1387	AFR
1388	EUR
1389	EUR
1390	EUR
1391	AFR
1392	AFR
1393	EUR
1394	EUR
1395	EUR
1396	AFR
1397	EUR
1398	EUR
1399	AFR
1400	AFR
1401	EUR
1402	EUR
1403	AFR
1404	AFR
1405	AFR
1406	AFR
1407	AFR
1408	AFR
1409	EUR
1410	AFR
1411	EUR
1412	EUR
1413	AFR
1414	EUR
1415	AFR
1416	EUR
1417	AFR
1418	AFR
1419	EUR
1420	EUR
1421	AFR
1422	EUR
1423	EUR
1424	AFR
1425	EUR
1426	AFR
1427	AFR
1428	AFR
1429	AFR
1430	EUR
1431	EUR
1432	AFR
1433	AFR
1434	EUR
1435	EUR
1436	EUR
1437	AFR
1438	AFR
1439	AFR
1440	AFR
1441	AFR
1442	AFR
1443	EUR
1444	EUR
1445	EUR
1446	AFR
1447	AFR
1448	EUR
1449	AFR
1450	AFR
1451	AFR
1452	EUR
1453	AFR
1454	AFR
1455	AFR
1456	EUR
1457	EUR
1458	AFR
1459	AFR
1460	EUR
1461	EUR
1462	AFR
1463	EUR
1464	AFR
1465	EUR
1466	AFR
1467	AFR
1468	AFR
1469	EUR
1470	AFR
1471	AFR
1472	EUR
1473	AFR
1474	AFR
1475	AFR
1476	AFR
1477	EUR
1478	AFR
1479	AFR
1480	EUR
1481	EUR
1482	AFR
1483	EUR
1484	EUR
1485	EUR
1486	EUR
1487	AFR
1488	AFR
1489	AFR
1490	EUR
1491	EUR
1492	AFR
1493	EUR
1494	EUR
1495	AFR
1496	AFR
1497	EUR
1498	AFR
1499	AFR
1500	EUR
1501	EUR
1502	EUR
1503	EUR
1504	AFR
1505	EUR
1506	AFR
1507	AFR
1508	AFR
1509	AFR
1510	AFR
1511	EUR
1512	EUR
1513	AFR
1514	AFR
1515	EUR
1516	AFR
1517	AFR
1518	EUR
1519	EUR
1520	AFR
1521	AFR
1522	EUR
1523	AFR
1524	EUR
1525	AFR
1526	AFR
1527	AFR
1528	EUR
1529	AFR
1530	EUR
1531	EUR
1532	AFR
1533	AFR
1534	EUR
1535	AFR
1536	EUR
1537	AFR
1538	AFR
1539	AFR
1540	AFR
1541	AFR
1542	AFR
1543	EUR
1544	AFR
1545	AFR
1546	AFR
1547	EUR
1548	EUR
1549	AFR
1550	AFR
1551	EUR
1552	AFR
1553	AFR
1554	AFR
1555	AFR
1556	AFR
1557	EUR
1558	AFR
1559	EUR
1560	EUR
1561	AFR
1562	EUR
1563	AFR
1564	EUR
1565	EUR
1566	EUR
1567	AFR
1568	AFR
1569	AFR
1570	AFR
1571	EUR
1572	EUR
1573	AFR
1574	EUR
1575	EUR
1576	EUR
1577	AFR
1578	AFR
1579	AFR
1580	EUR
1581	EUR
1582	EUR
1583	AFR
1584	AFR
1585	EUR
1586	EUR
1587	AFR
1588	AFR
1589	AFR
1590	AFR
1591	EUR
1592	AFR
1593	AFR
1594	AFR
1595	EUR
1596	AFR
1597	AFR
1598	EUR
1599	AFR
1600	AFR
1601	AFR
1602	EUR
1603	EUR
1604	EUR
1605	AFR
1606	AFR
1607	AFR
1608	AFR
1609	EUR
1610	EUR
1611	EUR
1612	AFR
1613	EUR
1614	AFR
1615	AFR
1616	EUR
1617	EUR
1618	AFR
1619	AFR
1620	EUR
1621	EUR
1622	EUR
1623	AFR
1624	EUR
1625	AFR
1626	EUR
1627	AFR
1628	EUR
1629	EUR
1630	AFR
1631	EUR
1632	AFR
1633	AFR
1634	AFR
1635	AFR
1636	AFR
1637	AFR
1638	EUR
1639	AFR
1640	EUR
1641	EUR
1642	EUR
1643	AFR
1644	AFR
1645	AFR
1646	AFR
1647	AFR
1648	AFR
1649	EUR
1650	EUR
1651	AFR
1652	EUR
1653	AFR
1654	EUR
1655	AFR
1656	AFR
1657	AFR
1658	AFR
1659	EUR
1660	EUR
1661	EUR
1662	AFR
1663	EUR
1664	EUR
1665	EUR
1666	EUR
1667	AFR
1668	EUR
1669	AFR
1670	AFR
1671	EUR
1672	AFR
1673	AFR
1674	AFR
1675	EUR
1676	AFR
1677	AFR
1678	EUR
1679	AFR
1680	EUR
1681	AFR
1682	AFR
1683	AFR
1684	AFR
1685	AFR
1686	EUR
1687	AFR
1688	AFR
1689	EUR
1690	AFR
1691	AFR
1692	AFR
1693	EUR
1694	AFR
1695	AFR
1696	AFR
1697	AFR
1698	AFR
1699	AFR
1700	AFR
1701	EUR
1702	AFR
1703	EUR
1704	AFR
1705	EUR
1706	EUR
1707	EUR
1708	AFR
1709	EUR
1710	EUR
1711	EUR
1712	AFR
1713	AFR
1714	AFR
1715	AFR
1716	AFR
1717	AFR
1718	EUR
1719	AFR
1720	AFR
1721	EUR
1722	EUR
1723	AFR
1724	AFR
1725	AFR
1726	EUR
1727	AFR
1728	EUR
1729	EUR
1730	EUR
1731	AFR
1732	EUR
1733	AFR
1734	AFR
1735	AFR
1736	AFR
1737	AFR
1738	EUR
1739	AFR
1740	AFR
1741	EUR
1742	EUR
1743	AFR
1744	EUR
1745	AFR
1746	AFR
1747	EUR
1748	EUR
1749	AFR
1750	EUR
1751	EUR
1752	AFR
1753	AFR
1754	EUR
1755	EUR
1756	AFR
1757	EUR
1758	AFR
1759	EUR
1760	AFR
1761	EUR
1762	AFR
1763	AFR
1764	AFR
1765	AFR
1766	AFR
1767	EUR
1768	AFR
1769	AFR
1770	AFR
1771	EUR
1772	AFR
1773	EUR
1774	EUR
1775	AFR
1776	AFR
1777	EUR
1778	AFR
1779	AFR
1780	AFR
1781	AFR
1782	AFR
1783	EUR
1784	AFR
1785	EUR
1786	EUR
1787	EUR
1788	AFR
1789	AFR
1790	AFR
1791	EUR
1792	EUR
1793	AFR
1794	EUR
1795	AFR
1796	AFR
1797	AFR
1798	EUR
1799	EUR
1800	AFR
1801	EUR
1802	EUR
1803	AFR
1804	EUR
1805	AFR
1806	EUR
1807	AFR
1808	AFR
1809	AFR
1810	AFR
1811	AFR
1812	EUR
1813	AFR
1814	EUR
1815	AFR
1816	EUR
1817	AFR
1818	EUR
1819	AFR
1820	AFR
1821	AFR
1822	AFR
1823	AFR
1824	AFR
1825	EUR
1826	AFR
1827	AFR
1828	EUR
1829	AFR
1830	AFR
1831	AFR
1832	AFR
1833	AFR
1834	EUR
1835	AFR
1836	AFR
1837	AFR
1838	AFR
1839	AFR
1840	EUR
1841	AFR
1842	EUR
1843	EUR
1844	AFR
1845	EUR
1846	EUR
1847	EUR
1848	EUR
1849	EUR
1850	EUR
1851	EUR
1852	AFR
1853	EUR
1854	AFR
1855	AFR
1856	EUR
1857	AFR
1858	EUR
1859	EUR
1860	EUR
1861	EUR
1862	EUR
1863	EUR
1864	EUR
1865	EUR
1866	AFR
1867	EUR
1868	AFR
1869	AFR
1870	EUR
1871	AFR
1872	AFR
1873	EUR
1874	AFR
1875	EUR
1876	EUR
1877	AFR
1878	AFR
1879	AFR
1880	EUR
1881	EUR
1882	AFR
1883	EUR
1884	AFR
1885	AFR
1886	AFR
1887	AFR
1888	AFR
1889	AFR
1890	AFR
1891	AFR
1892	EUR
1893	AFR
1894	AFR
1895	AFR
1896	AFR
1897	AFR
1898	AFR
1899	AFR
1900	AFR
1901	AFR
1902	AFR
1903	AFR
1904	EUR
1905	AFR
1906	EUR
1907	AFR
1908	EUR
1909	AFR
1910	AFR
1911	EUR
1912	EUR
1913	AFR
1914	AFR
1915	EUR
1916	AFR
1917	EUR
1918	EUR
1919	EUR
1920	EUR
1921	EUR
1922	EUR
1923	AFR
1924	AFR
1925	AFR
1926	EUR
1927	EUR
1928	AFR
1929	EUR
1930	EUR
1931	AFR
1932	EUR
1933	EUR
1934	AFR
1935	EUR
1936	EUR
1937	EUR
1938	EUR
1939	EUR
1940	AFR
1941	AFR
1942	EUR
1943	AFR
1944	AFR
1945	AFR
1946	AFR
1947	AFR
1948	AFR
1949	EUR
1950	AFR
1951	AFR
1952	AFR
1953	EUR
1954	EUR
1955	EUR
1956	AFR
1957	AFR
1958	AFR
1959	AFR
1960	EUR
1961	EUR
1962	EUR
1963	AFR
1964	0
1965	EUR
1966	EUR
1967	AFR
1968	EUR
1969	EUR
1970	AFR
1971	AFR
1972	EUR
1973	AFR
1974	EUR
1975	AFR
1976	AFR
1977	AFR
1978	AFR
1979	EUR
1980	AFR
1981	AFR
1982	AFR
1983	AFR
1984	AFR
1985	EUR
1986	EUR
1987	AFR
1988	EUR
1989	EUR
1990	AFR
1991	AFR
1992	AFR
1993	EUR
1994	EUR
1995	AFR
1996	AFR
1997	AFR
1998	AFR
1999	AFR
2000	AFR
2001	AFR
2002	EUR
2003	AFR
2004	EUR
2005	EUR
2006	AFR
2007	EUR
2008	AFR
2009	EUR
2010	AFR
2011	AFR
2012	EUR
2013	AFR
2014	AFR
2015	AFR
2016	AFR
2017	EUR
2018	AFR
2019	EUR
2020	EUR
2021	AFR
2022	AFR
2023	AFR
2024	EUR
2025	AFR
2026	EUR
2027	EUR
2028	EUR
2029	AFR
2030	EUR
2031	AFR
2032	AFR
2033	EUR
2034	AFR
2035	EUR
2036	AFR
2037	EUR
2038	AFR
2039	EUR
2040	AFR
2041	AFR
2042	AFR
2043	AFR
2044	EUR
2045	AFR
2046	AFR
2047	EUR
2048	EUR
2049	EUR
2050	AFR
2051	EUR
2052	AFR
2053	EUR
2054	AFR
2055	AFR
2056	AFR
2057	AFR
2058	EUR
2059	EUR
2060	AFR
2061	AFR
2062	AFR
2063	AFR
2064	EUR
2065	EUR
2066	AFR
2067	AFR
2068	AFR
2069	AFR
2070	EUR
2071	EUR
2072	EUR
2073	EUR
2074	AFR
2075	EUR
2076	AFR
2077	EUR
2078	AFR
2079	AFR
2080	EUR
2081	AFR
2082	AFR
2083	EUR
2084	AFR
2085	AFR
2086	AFR
2087	EUR
2088	AFR
2089	EUR
2090	EUR
2091	AFR
2092	AFR
2093	EUR
2094	AFR
2095	EUR
2096	EUR
2097	AFR
2098	AFR
2099	AFR
2100	AFR
2101	EUR
2102	AFR
2103	AFR
2104	EUR
2105	EUR
2106	EUR
2107	EUR
2108	EUR
2109	AFR
2110	EUR
2111	AFR
2112	AFR
2113	AFR
2114	EUR
2115	AFR
2116	AFR
2117	EUR
2118	EUR
2119	EUR
2120	EUR
2121	EUR
2122	EUR
2123	AFR
2124	AFR
2125	EUR
2126	AFR
2127	AFR
2128	AFR
2129	AFR
2130	AFR
2131	EUR
2132	AFR
2133	AFR
2134	EUR
2135	AFR
2136	AFR
2137	AFR
2138	EUR
2139	EUR
2140	AFR
2141	EUR
2142	AFR
2143	EUR
2144	EUR
2145	AFR
2146	AFR
2147	EUR
2148	AFR
2149	EUR
2150	EUR
2151	EUR
2152	AFR
2153	AFR
2154	AFR
2155	AFR
2156	EUR
2157	AFR
2158	AFR
2159	EUR
2160	AFR
2161	AFR
2162	AFR
2163	AFR
2164	AFR
2165	AFR
2166	AFR
2167	EUR
2168	EUR
2169	EUR
2170	AFR
2171	AFR
2172	AFR
2173	AFR
2174	EUR
2175	AFR
2176	AFR
2177	EUR
2178	EUR
2179	AFR
2180	AFR
2181	AFR
2182	AFR
2183	AFR
2184	EUR
2185	AFR
2186	EUR
2187	AFR
2188	EUR
2189	AFR
2190	AFR
2191	AFR
2192	AFR
2193	AFR
2194	AFR
2195	AFR
2196	AFR
2197	AFR
2198	AFR
2199	AFR
2200	AFR
2201	AFR
2202	AFR
2203	AFR
2204	AFR
2205	EUR
2206	AFR
2207	AFR
2208	AFR
2209	AFR
2210	AFR
2211	EUR
2212	EUR
2213	AFR
2214	AFR
2215	AFR
2216	EUR
2217	AFR
2218	EUR
2219	AFR
2220	EUR
2221	AFR
2222	AFR
2223	AFR
2224	AFR
2225	AFR
2226	AFR
2227	AFR
2228	EUR
2229	EUR
2230	EUR
2231	EUR
2232	AFR
2233	EUR
2234	EUR
2235	AFR
2236	0
2237	AFR
2238	EUR
2239	AFR
2240	EUR
2241	AFR
2242	EUR
2243	AFR
2244	AFR
2245	AFR
2246	AFR
2247	AFR
2248	AFR
2249	AFR
2250	AFR
2251	AFR
2252	AFR
2253	EUR
2254	AFR
2255	EUR
2256	EUR
2257	AFR
2258	AFR
2259	EUR
2260	EUR
2261	EUR
2262	AFR
2263	AFR
2264	AFR
2265	AFR
2266	AFR
2267	AFR
2268	AFR
2269	EUR
2270	AFR
2271	EUR
2272	AFR
2273	EUR
2274	EUR
2275	AFR
2276	AFR
2277	AFR
2278	AFR
2279	AFR
2280	AFR
2281	AFR
2282	AFR
2283	AFR
2284	EUR
2285	AFR
2286	EUR
2287	AFR
2288	AFR
2289	EUR
2290	AFR
2291	AFR
2292	AFR
2293	EUR
2294	AFR
2295	AFR
2296	EUR
2297	AFR
2298	AFR
2299	AFR
2300	AFR
2301	EUR
2302	AFR
2303	AFR
2304	AFR
2305	AFR
2306	AFR
2307	EUR
2308	EUR
2309	EUR
2310	AFR
2311	EUR
2312	AFR
2313	AFR
2314	AFR
2315	AFR
2316	EUR
2317	AFR
2318	AFR
2319	AFR
2320	AFR
2321	EUR
2322	AFR
2323	AFR
2324	EUR
2325	EUR
2326	AFR
2327	EUR
2328	AFR
2329	AFR
2330	EUR
2331	AFR
2332	EUR
2333	AFR
2334	EUR
2335	AFR
2336	AFR
2337	AFR
2338	EUR
2339	EUR
2340	AFR
2341	AFR
2342	EUR
2343	AFR
2344	AFR
2345	AFR
2346	AFR
2347	AFR
2348	EUR
2349	AFR
2350	EUR
2351	AFR
2352	AFR
2353	AFR
2354	EUR
2355	EUR
2356	AFR
2357	AFR
2358	AFR
2359	AFR
2360	EUR
2361	AFR
2362	AFR
2363	AFR
2364	AFR
2365	AFR
2366	EUR
2367	EUR
2368	EUR
2369	AFR
2370	EUR
2371	EUR
2372	AFR
2373	AFR
2374	EUR
2375	AFR
2376	AFR
2377	EUR
2378	EUR
2379	EUR
2380	AFR
2381	EUR
2382	AFR
2383	AFR
2384	AFR
2385	EUR
2386	AFR
2387	AFR
2388	AFR
2389	EUR
2390	EUR
2391	AFR
2392	EUR
2393	EUR
2394	EUR
2395	EUR
2396	EUR
2397	EUR
2398	EUR
2399	AFR
2400	AFR
2401	AFR
2402	AFR
2403	AFR
2404	AFR
2405	AFR
2406	AFR
2407	AFR
2408	EUR
2409	EUR
2410	AFR
2411	AFR
2412	EUR
2413	AFR
2414	AFR
2415	AFR
2416	AFR
2417	AFR
2418	AFR
2419	AFR
2420	EUR
2421	EUR
2422	EUR
2423	EUR
2424	AFR
2425	EUR
2426	AFR
2427	AFR
2428	EUR
2429	AFR
2430	AFR
2431	EUR
2432	AFR
2433	EUR
2434	AFR
2435	AFR
2436	EUR
2437	AFR
2438	AFR
2439	EUR
2440	AFR
2441	EUR
2442	AFR
2443	AFR
2444	AFR
2445	AFR
2446	AFR
2447	EUR
2448	EUR
2449	EUR
2450	EUR
2451	AFR
2452	EUR
2453	EUR
2454	EUR
2455	AFR
2456	EUR
2457	AFR
2458	EUR
2459	EUR
2460	AFR
2461	EUR
2462	EUR
2463	AFR
2464	AFR
2465	EUR
2466	AFR
2467	AFR
2468	AFR
2469	EUR
2470	AFR
2471	EUR
2472	EUR
2473	AFR
2474	AFR
2475	AFR
2476	EUR
2477	AFR
2478	AFR
2479	AFR
2480	EUR
2481	EUR
2482	AFR
2483	AFR
2484	EUR
2485	EUR
2486	AFR
2487	EUR
2488	AFR
2489	EUR
2490	AFR
2491	AFR
2492	EUR
2493	AFR
2494	EUR
2495	AFR
2496	AFR
2497	AFR
2498	EUR
2499	AFR
2500	AFR
2501	EUR
2502	EUR
2503	AFR
2504	AFR
2505	AFR
2506	EUR
2507	EUR
2508	AFR
2509	EUR
2510	AFR
2511	EUR
2512	AFR
2513	AFR
2514	EUR
2515	AFR
2516	EUR
2517	AFR
2518	AFR
2519	EUR
2520	EUR
2521	EUR
2522	AFR
2523	EUR
2524	AFR
2525	AFR
2526	EUR
2527	EUR
2528	AFR
2529	AFR
2530	EUR
2531	EUR
2532	EUR
2533	AFR
2534	AFR
2535	AFR
2536	AFR
2537	AFR
2538	AFR
2539	EUR
2540	EUR
2541	AFR
2542	AFR
2543	AFR
2544	AFR
2545	AFR
2546	EUR
2547	EUR
2548	AFR
2549	AFR
2550	EUR
2551	EUR
2552	EUR
2553	AFR
2554	EUR
2555	EUR
2556	EUR
2557	EUR
2558	EUR
2559	EUR
2560	EUR
2561	EUR
2562	EUR
2563	EUR
2564	EUR
2565	EUR
2566	EUR
2567	AFR
2568	AFR
2569	EUR
2570	AFR
2571	AFR
2572	AFR
2573	AFR
2574	EUR
2575	AFR
2576	EUR
2577	AFR
2578	EUR
2579	AFR
2580	AFR
2581	EUR
2582	AFR
2583	AFR
2584	AFR
2585	AFR
2586	AFR
2587	EUR
2588	EUR
2589	AFR
2590	AFR
2591	AFR
2592	AFR
2593	AFR
2594	AFR
2595	AFR
2596	AFR
2597	EUR
2598	AFR
2599	EUR
2600	AFR
2601	EUR
2602	EUR
2603	EUR
2604	AFR
2605	EUR
2606	AFR
2607	AFR
2608	AFR
2609	AFR
2610	AFR
2611	EUR
2612	EUR
2613	EUR
2614	EUR
2615	AFR
2616	EUR
2617	EUR
2618	AFR
2619	AFR
2620	AFR
2621	AFR
2622	EUR
2623	EUR
2624	AFR
2625	EUR
2626	AFR
2627	EUR
2628	AFR
2629	AFR
2630	AFR
2631	EUR
2632	AFR
2633	AFR
2634	AFR
2635	EUR
2636	AFR
2637	EUR
2638	AFR
2639	EUR
2640	AFR
2641	AFR
2642	EUR
2643	AFR
2644	AFR
2645	AFR
2646	AFR
2647	AFR
2648	AFR
2649	AFR
2650	AFR
2651	EUR
2652	EUR
2653	AFR
2654	AFR
2655	EUR
2656	AFR
2657	AFR
2658	EUR
2659	AFR
2660	AFR
2661	AFR
2662	EUR
2663	EUR
2664	EUR
2665	AFR
2666	AFR
2667	EUR
2668	EUR
2669	EUR
2670	AFR
2671	EUR
2672	EUR
2673	AFR
2674	EUR
2675	EUR
2676	EUR
2677	EUR
2678	EUR
2679	EUR
2680	EUR
2681	EUR
2682	AFR
2683	AFR
2684	AFR
2685	AFR
2686	EUR
2687	AFR
2688	EUR
2689	AFR
2690	AFR
2691	AFR
2692	EUR
2693	AFR
2694	AFR
2695	AFR
2696	AFR
2697	AFR
2698	EUR
2699	AFR
2700	AFR
2701	EUR
2702	AFR
2703	AFR
2704	AFR
2705	EUR
2706	EUR
2707	AFR
2708	EUR
2709	AFR
2710	AFR
2711	AFR
2712	AFR
2713	EUR
2714	AFR
2715	EUR
2716	AFR
2717	AFR
2718	AFR
2719	AFR
2720	AFR
2721	EUR
2722	EUR
2723	EUR
2724	AFR
2725	AFR
2726	AFR
2727	EUR
2728	AFR
2729	AFR
2730	AFR
2731	EUR
2732	EUR
2733	AFR
2734	AFR
2735	EUR
2736	AFR
2737	AFR
2738	EUR
2739	AFR
2740	AFR
2741	EUR
2742	EUR
2743	AFR
2744	EUR
2745	AFR
2746	EUR
2747	AFR
2748	AFR
2749	AFR
2750	EUR
2751	AFR
2752	AFR
2753	AFR
2754	EUR
2755	AFR
2756	AFR
2757	EUR
2758	AFR
2759	AFR
2760	AFR
2761	AFR
2762	EUR
2763	AFR
2764	AFR
2765	EUR
2766	EUR
2767	AFR
2768	AFR
2769	AFR
2770	EUR
2771	EUR
2772	EUR
2773	AFR
2774	EUR
2775	EUR
2776	AFR
2777	EUR
2778	AFR
2779	EUR
2780	EUR
2781	AFR
2782	EUR
2783	EUR
2784	AFR
2785	AFR
2786	AFR
2787	AFR
2788	AFR
2789	AFR
2790	AFR
2791	EUR
2792	AFR
2793	EUR
2794	AFR
2795	AFR
2796	EUR
2797	AFR
2798	AFR
2799	AFR
2800	AFR
2801	AFR
2802	AFR
2803	AFR
2804	AFR
2805	EUR
2806	EUR
2807	EUR
2808	AFR
2809	AFR
2810	EUR
2811	AFR
2812	EUR
2813	AFR
2814	EUR
2815	AFR
2816	AFR
2817	AFR
2818	AFR
2819	AFR
2820	AFR
2821	EUR
2822	AFR
2823	EUR
2824	AFR
2825	AFR
2826	AFR
2827	AFR
2828	EUR
2829	EUR
2830	EUR
2831	AFR
2832	AFR
2833	AFR
2834	EUR
2835	EUR
2836	AFR
2837	AFR
2838	EUR
2839	AFR
2840	AFR
2841	AFR
2842	AFR
2843	EUR
2844	AFR
2845	AFR
2846	AFR
2847	EUR
2848	AFR
2849	AFR
2850	EUR
2851	AFR
2852	AFR
2853	AFR
2854	EUR
2855	AFR
2856	EUR
2857	EUR
2858	AFR
2859	EUR
2860	AFR
2861	AFR
2862	EUR
2863	EUR
2864	EUR
2865	EUR
2866	AFR
2867	EUR
2868	AFR
2869	EUR
2870	AFR
2871	EUR
2872	AFR
2873	AFR
2874	AFR
2875	AFR
2876	EUR
2877	AFR
2878	EUR
2879	AFR
2880	AFR
2881	AFR
2882	AFR
2883	AFR
2884	AFR
2885	AFR
2886	AFR
2887	AFR
2888	AFR
2889	EUR
2890	AFR
2891	EUR
2892	AFR
2893	AFR
2894	EUR
2895	AFR
2896	EUR
2897	AFR
2898	AFR
2899	AFR
2900	AFR
2901	EUR
2902	EUR
2903	AFR
2904	EUR
2905	AFR
2906	AFR
2907	AFR
2908	AFR
2909	AFR
2910	AFR
2911	EUR
2912	AFR
2913	AFR
2914	EUR
2915	AFR
2916	EUR
2917	EUR
2918	EUR
2919	AFR
2920	AFR
2921	AFR
2922	AFR
2923	AFR
2924	EUR
2925	AFR
2926	AFR
2927	AFR
2928	AFR
2929	AFR
2930	AFR
2931	EUR
2932	EUR
2933	AFR
2934	AFR
2935	EUR
2936	EUR
2937	AFR
2938	EUR
2939	AFR
2940	EUR
2941	AFR
2942	AFR
2943	AFR
2944	AFR
2945	EUR
2946	AFR
2947	AFR
2948	AFR
2949	EUR
2950	AFR
2951	EUR
2952	AFR
2953	AFR
2954	EUR
2955	AFR
2956	AFR
2957	EUR
2958	EUR
2959	AFR
2960	EUR
2961	EUR
2962	AFR
2963	AFR
2964	AFR
2965	AFR
2966	AFR
2967	AFR
2968	AFR
2969	AFR
2970	EUR
2971	AFR
2972	AFR
2973	AFR
2974	AFR
2975	AFR
2976	AFR
2977	EUR
2978	AFR
2979	AFR
2980	AFR
2981	EUR
2982	AFR
2983	AFR
2984	EUR
2985	AFR
2986	AFR
2987	AFR
2988	AFR
2989	EUR
2990	AFR
2991	EUR
2992	EUR
2993	EUR
2994	EUR
2995	EUR
2996	AFR
2997	EUR
2998	EUR
2999	AFR
3000	EUR
3001	AFR
3002	AFR
3003	EUR
3004	AFR
3005	EUR
3006	EUR
3007	AFR
3008	AFR
3009	AFR
3010	EUR
3011	AFR
3012	EUR
3013	AFR
3014	AFR
3015	EUR
3016	EUR
3017	EUR
3018	AFR
3019	AFR
3020	AFR
3021	EUR
3022	AFR
3023	EUR
3024	AFR
3025	AFR
3026	EUR
3027	AFR
3028	EUR
3029	EUR
3030	AFR
3031	AFR
3032	AFR
3033	AFR
3034	AFR
3035	EUR
3036	EUR
3037	AFR
3038	AFR
3039	EUR
3040	AFR
3041	EUR
3042	AFR
3043	EUR
3044	AFR
3045	EUR
3046	EUR
3047	AFR
3048	EUR
3049	AFR
3050	EUR
3051	AFR
3052	AFR
3053	AFR
3054	EUR
3055	EUR
3056	EUR
3057	AFR
3058	AFR
3059	AFR
3060	AFR
3061	EUR
3062	AFR
3063	AFR
3064	AFR
3065	EUR
3066	EUR
3067	AFR
3068	EUR
3069	AFR
3070	AFR
3071	EUR
3072	AFR
3073	AFR
3074	AFR
3075	AFR
3076	EUR
3077	EUR
3078	EUR
3079	EUR
3080	AFR
3081	AFR
3082	AFR
3083	AFR
3084	AFR
3085	AFR
3086	EUR
3087	AFR
3088	EUR
3089	AFR
3090	AFR
3091	EUR
3092	EUR
3093	AFR
3094	AFR
3095	AFR
3096	AFR
3097	EUR
3098	AFR
3099	AFR
3100	AFR
3101	AFR
3102	EUR
3103	AFR
3104	EUR
3105	AFR
3106	AFR
3107	EUR
3108	EUR
3109	EUR
3110	EUR
3111	AFR
3112	AFR
3113	AFR
3114	EUR
3115	AFR
3116	EUR
3117	EUR
3118	AFR
3119	AFR
3120	EUR
3121	AFR
3122	AFR
3123	AFR
3124	EUR
3125	AFR
3126	AFR
3127	EUR
3128	AFR
3129	EUR
3130	AFR
3131	AFR
3132	EUR
3133	EUR
3134	EUR
3135	AFR
3136	AFR
3137	EUR
3138	AFR
3139	EUR
3140	AFR
3141	AFR
3142	EUR
3143	EUR
3144	AFR
3145	AFR
3146	AFR
3147	EUR
3148	EUR
3149	AFR
3150	AFR
3151	EUR
3152	EUR
3153	AFR
3154	AFR
3155	EUR
3156	AFR
3157	EUR
3158	EUR
3159	EUR
3160	AFR
3161	EUR
3162	AFR
3163	AFR
3164	AFR
3165	EUR
3166	EUR
3167	0
3168	AFR
3169	EUR
3170	EUR
3171	AFR
3172	EUR
3173	EUR
3174	EUR
3175	AFR
3176	AFR
3177	EUR
3178	EUR
3179	EUR
3180	AFR
3181	AFR
3182	AFR
3183	AFR
3184	AFR
3185	EUR
3186	EUR
3187	AFR
3188	EUR
3189	EUR
3190	AFR
3191	AFR
3192	EUR
3193	EUR
3194	AFR
3195	AFR
3196	EUR
3197	AFR
3198	AFR
3199	AFR
3200	EUR
3201	AFR
3202	AFR
3203	AFR
3204	AFR
3205	EUR
3206	AFR
3207	AFR
3208	AFR
3209	EUR
3210	AFR
3211	AFR
3212	AFR
3213	AFR
3214	EUR
3215	EUR
3216	AFR
3217	AFR
3218	EUR
3219	EUR
3220	AFR
3221	AFR
3222	EUR
3223	AFR
3224	EUR
3225	EUR
3226	EUR
3227	EUR
3228	AFR
3229	EUR
3230	EUR
3231	AFR
3232	EUR
3233	AFR
3234	EUR
3235	AFR
3236	EUR
3237	AFR
3238	EUR
3239	AFR
3240	EUR
3241	AFR
3242	AFR
3243	AFR
3244	AFR
3245	AFR
3246	AFR
3247	AFR
3248	AFR
3249	EUR
3250	AFR
3251	AFR
3252	EUR
3253	EUR
3254	AFR
3255	EUR
3256	AFR
3257	EUR
3258	AFR
3259	EUR
3260	EUR
3261	AFR
3262	EUR
3263	AFR
3264	AFR
3265	AFR
3266	AFR
3267	EUR
3268	AFR
3269	EUR
3270	AFR
3271	EUR
3272	AFR
3273	AFR
3274	AFR
3275	EUR
3276	EUR
3277	EUR
3278	AFR
3279	EUR
3280	AFR
3281	AFR
3282	AFR
3283	EUR
3284	AFR
3285	EUR
3286	AFR
3287	AFR
3288	AFR
3289	AFR
3290	AFR
3291	AFR
3292	EUR
3293	AFR
3294	EUR
3295	EUR
3296	EUR
3297	AFR
3298	EUR
3299	AFR
3300	AFR
3301	EUR
3302	EUR
3303	EUR
3304	EUR
3305	AFR
3306	AFR
3307	EUR
3308	EUR
3309	EUR
3310	AFR
3311	AFR
3312	EUR
3313	EUR
3314	AFR
3315	EUR
3316	AFR
3317	AFR
3318	AFR
3319	AFR
3320	EUR
3321	EUR
3322	AFR
3323	AFR
3324	AFR
3325	AFR
3326	AFR
3327	EUR
3328	AFR
3329	AFR
3330	AFR
3331	AFR
3332	AFR
3333	EUR
3334	EUR
3335	EUR
3336	EUR
3337	AFR
3338	AFR
3339	AFR
3340	AFR
3341	EUR
3342	EUR
3343	EUR
3344	AFR
3345	EUR
3346	EUR
3347	AFR
3348	AFR
3349	AFR
3350	EUR
3351	AFR
3352	AFR
3353	AFR
3354	AFR
3355	EUR
3356	AFR
3357	AFR
3358	AFR
3359	EUR
3360	AFR
3361	EUR
3362	AFR
3363	AFR
3364	AFR
3365	AFR
3366	AFR
3367	AFR
3368	EUR
3369	AFR
3370	EUR
3371	AFR
3372	AFR
3373	EUR
3374	AFR
3375	AFR
3376	EUR
3377	AFR
3378	AFR
3379	AFR
3380	EUR
3381	AFR
3382	AFR
3383	AFR
3384	AFR
3385	AFR
3386	AFR
3387	EUR
3388	AFR
3389	AFR
3390	EUR
3391	EUR
3392	EUR
3393	EUR
3394	AFR
3395	AFR
3396	EUR
3397	AFR
3398	EUR
3399	AFR
3400	EUR
3401	AFR
3402	EUR
3403	AFR
3404	AFR
3405	AFR
3406	AFR
3407	AFR
3408	EUR
3409	EUR
3410	AFR
3411	EUR
3412	AFR
3413	EUR
3414	AFR
3415	EUR
3416	AFR
3417	AFR
3418	EUR
3419	AFR
3420	AFR
3421	EUR
3422	AFR
3423	0
3424	AFR
3425	AFR
3426	AFR
3427	EUR
3428	AFR
3429	EUR
3430	AFR
3431	EUR
3432	EUR
3433	AFR
3434	AFR
3435	EUR
3436	AFR
3437	EUR
3438	EUR
3439	AFR
3440	AFR
3441	EUR
3442	EUR
3443	EUR
3444	EUR
3445	EUR
3446	EUR
3447	EUR
3448	AFR
3449	AFR
3450	AFR
3451	AFR
3452	AFR
3453	EUR
3454	AFR
3455	AFR
3456	AFR
3457	EUR
3458	AFR
3459	AFR
3460	EUR
3461	AFR
3462	EUR
3463	AFR
3464	AFR
3465	AFR
3466	EUR
3467	AFR
3468	AFR
3469	AFR
3470	AFR
3471	AFR
3472	EUR
3473	AFR
3474	EUR
3475	AFR
3476	AFR
3477	AFR
3478	AFR
3479	EUR
3480	EUR
3481	AFR
3482	AFR
3483	AFR
3484	EUR
3485	EUR
3486	EUR
3487	AFR
3488	AFR
3489	EUR
3490	EUR
3491	EUR
3492	EUR
3493	EUR
3494	AFR
3495	AFR
3496	AFR
3497	EUR
3498	AFR
3499	EUR
3500	AFR
3501	EUR
3502	EUR
3503	EUR
3504	AFR
3505	AFR
3506	EUR
3507	EUR
3508	AFR
3509	EUR
3510	AFR
3511	AFR
3512	AFR
3513	EUR
3514	AFR
3515	AFR
3516	AFR
3517	AFR
3518	AFR
3519	AFR
3520	AFR
3521	AFR
3522	AFR
3523	EUR
3524	EUR
3525	AFR
3526	AFR
3527	EUR
3528	EUR
3529	AFR
3530	AFR
3531	AFR
3532	AFR
3533	AFR
3534	AFR
3535	EUR
3536	EUR
3537	EUR
3538	EUR
3539	AFR
3540	AFR
3541	EUR
3542	EUR
3543	EUR
3544	AFR
3545	AFR
3546	AFR
3547	EUR
3548	EUR
3549	AFR
3550	EUR
3551	EUR
3552	EUR
3553	EUR
3554	AFR
3555	AFR
3556	EUR
3557	AFR
3558	AFR
3559	AFR
3560	AFR
3561	EUR
3562	EUR
3563	AFR
3564	EUR
3565	EUR
3566	AFR
3567	AFR
3568	EUR
3569	AFR
3570	EUR
3571	EUR
3572	AFR
3573	AFR
3574	AFR
3575	AFR
3576	AFR
3577	AFR
3578	AFR
3579	AFR
3580	AFR
3581	AFR
3582	AFR
3583	EUR
3584	AFR
3585	AFR
3586	AFR
3587	EUR
3588	AFR
3589	AFR
3590	AFR
3591	EUR
3592	EUR
3593	EUR
3594	AFR
3595	EUR
3596	AFR
3597	EUR
3598	AFR
3599	AFR
3600	EUR
3601	EUR
3602	EUR
3603	EUR
3604	EUR
3605	EUR
3606	EUR
3607	AFR
3608	AFR
3609	AFR
3610	AFR
3611	AFR
3612	EUR
3613	AFR
3614	AFR
3615	AFR
3616	EUR
3617	EUR
3618	AFR
3619	AFR
3620	AFR
3621	EUR
3622	EUR
3623	AFR
3624	EUR
3625	EUR
3626	AFR
3627	EUR
3628	AFR
3629	AFR
3630	AFR
3631	AFR
3632	EUR
3633	AFR
3634	AFR
3635	AFR
3636	AFR
3637	AFR
3638	EUR
3639	AFR
3640	AFR
3641	AFR
3642	EUR
3643	EUR
3644	AFR
3645	AFR
3646	EUR
3647	AFR
3648	EUR
3649	AFR
3650	AFR
3651	AFR
3652	AFR
3653	AFR
3654	EUR
3655	AFR
3656	AFR
3657	EUR
3658	EUR
3659	AFR
3660	AFR
3661	AFR
3662	EUR
3663	AFR
3664	EUR
3665	EUR
3666	AFR
3667	EUR
3668	AFR
3669	EUR
3670	AFR
3671	AFR
3672	AFR
3673	AFR
3674	AFR
3675	EUR
3676	EUR
3677	EUR
3678	EUR
3679	AFR
3680	AFR
3681	AFR
3682	AFR
3683	AFR
3684	AFR
3685	EUR
3686	EUR
3687	AFR
3688	AFR
3689	EUR
3690	EUR
3691	AFR
3692	AFR
3693	AFR
3694	AFR
3695	AFR
3696	EUR
3697	EUR
3698	AFR
3699	EUR
3700	AFR
3701	EUR
3702	EUR
3703	EUR
3704	AFR
3705	EUR
3706	AFR
3707	AFR
3708	AFR
3709	AFR
3710	AFR
3711	EUR
3712	EUR
3713	AFR
3714	AFR
3715	AFR
3716	EUR
3717	AFR
3718	EUR
3719	EUR
3720	AFR
3721	AFR
3722	EUR
3723	AFR
3724	AFR
3725	EUR
3726	AFR
3727	AFR
3728	EUR
3729	EUR
3730	AFR
3731	AFR
3732	EUR
3733	AFR
3734	AFR
3735	EUR
3736	AFR
3737	AFR
3738	AFR
3739	EUR
3740	AFR
3741	EUR
3742	AFR
3743	EUR
3744	EUR
3745	EUR
3746	AFR
3747	EUR
3748	EUR
3749	AFR
3750	AFR
3751	EUR
3752	AFR
3753	EUR
3754	EUR
3755	EUR
3756	EUR
3757	EUR
3758	EUR
3759	AFR
3760	AFR
3761	AFR
3762	AFR
3763	EUR
3764	EUR
3765	EUR
3766	AFR
3767	AFR
3768	AFR
3769	AFR
3770	EUR
3771	EUR
3772	EUR
3773	AFR
3774	EUR
3775	AFR
3776	EUR
3777	EUR
3778	AFR
3779	AFR
3780	AFR
3781	EUR
3782	EUR
3783	AFR
3784	AFR
3785	AFR
3786	AFR
3787	EUR
3788	EUR
3789	AFR
3790	EUR
3791	EUR
3792	AFR
3793	AFR
3794	EUR
3795	EUR
3796	AFR
3797	AFR
3798	AFR
3799	AFR
3800	AFR
3801	EUR
3802	EUR
3803	AFR
3804	EUR
3805	AFR
3806	EUR
3807	EUR
3808	EUR
3809	AFR
3810	EUR
3811	AFR
3812	AFR
3813	AFR
3814	AFR
3815	AFR
3816	EUR
3817	AFR
3818	EUR
3819	AFR
3820	AFR
3821	AFR
3822	EUR
3823	EUR
3824	AFR
3825	AFR
3826	EUR
3827	EUR
3828	EUR
3829	EUR
3830	EUR
3831	EUR
3832	AFR
3833	EUR
3834	AFR
3835	EUR
3836	AFR
3837	AFR
3838	EUR
3839	EUR
3840	EUR
3841	AFR
3842	AFR
3843	EUR
3844	AFR
3845	AFR
3846	EUR
3847	EUR
3848	AFR
3849	AFR
3850	AFR
3851	AFR
3852	EUR
3853	AFR
3854	AFR
3855	EUR
3856	AFR
3857	AFR
3858	AFR
3859	EUR
3860	AFR
3861	AFR
3862	AFR
3863	EUR
3864	AFR
3865	AFR
3866	EUR
3867	AFR
3868	AFR
3869	EUR
3870	AFR
3871	AFR
3872	AFR
3873	AFR
3874	AFR
3875	AFR
3876	EUR
3877	AFR
3878	EUR
3879	AFR
3880	AFR
3881	EUR
3882	AFR
3883	EUR
3884	EUR
3885	EUR
3886	EUR
3887	EUR
3888	AFR
3889	AFR
3890	EUR
3891	EUR
3892	AFR
3893	AFR
3894	AFR
3895	EUR
3896	AFR
3897	EUR
3898	AFR
3899	EUR
3900	AFR
3901	EUR
3902	EUR
3903	EUR
3904	EUR
3905	AFR
3906	AFR
3907	AFR
3908	EUR
3909	EUR
3910	AFR
3911	EUR
3912	AFR
3913	AFR
3914	AFR
3915	AFR
3916	EUR
3917	EUR
3918	EUR
3919	AFR
3920	EUR
3921	AFR
3922	EUR
3923	EUR
3924	AFR
3925	AFR
3926	AFR
3927	EUR
3928	AFR
3929	AFR
3930	EUR
3931	EUR
3932	AFR
3933	AFR
3934	AFR
3935	EUR
3936	AFR
3937	EUR
3938	AFR
3939	AFR
3940	EUR
3941	AFR
3942	AFR
3943	AFR
3944	AFR
3945	AFR
3946	AFR
3947	EUR
3948	AFR
3949	AFR
3950	AFR
3951	EUR
3952	EUR
3953	AFR
3954	AFR
3955	AFR
3956	AFR
3957	EUR
3958	EUR
3959	EUR
3960	EUR
3961	AFR
3962	EUR
3963	EUR
3964	AFR
3965	AFR
3966	EUR
3967	AFR
3968	AFR
3969	AFR
3970	EUR
3971	AFR
3972	AFR
3973	EUR
3974	AFR
3975	AFR
3976	EUR
3977	AFR
3978	AFR
3979	EUR
3980	EUR
3981	AFR
3982	EUR
3983	EUR
3984	EUR
3985	EUR
3986	AFR
3987	EUR
3988	AFR
3989	AFR
3990	EUR
3991	AFR
3992	AFR
3993	AFR
3994	AFR
3995	AFR
3996	AFR
3997	EUR
3998	EUR
3999	AFR
4000	AFR
4001	AFR
4002	EUR
4003	AFR
4004	AFR
4005	AFR
4006	EUR
4007	EUR
4008	AFR
4009	EUR
4010	AFR
4011	EUR
4012	AFR
4013	AFR
4014	AFR
4015	EUR
4016	AFR
4017	EUR
4018	AFR
4019	EUR
4020	EUR
4021	EUR
4022	EUR
4023	EUR
4024	AFR
4025	AFR
4026	AFR
4027	EUR
4028	AFR
4029	AFR
4030	AFR
4031	EUR
4032	EUR
4033	AFR
4034	EUR
4035	AFR
4036	AFR
4037	EUR
4038	EUR
4039	AFR
4040	AFR
4041	AFR
4042	AFR
4043	AFR
4044	AFR
4045	EUR
4046	EUR
4047	AFR
4048	AFR
4049	AFR
4050	AFR
4051	AFR
4052	AFR
4053	AFR
4054	AFR
4055	AFR
4056	EUR
4057	AFR
4058	EUR
4059	AFR
4060	AFR
4061	AFR
4062	AFR
4063	AFR
4064	EUR
4065	EUR
4066	EUR
4067	AFR
4068	EUR
4069	AFR
4070	AFR
4071	AFR
4072	EUR
4073	EUR
4074	AFR
4075	EUR
4076	AFR
4077	EUR
4078	AFR
4079	EUR
4080	EUR
4081	AFR
4082	AFR
4083	AFR
4084	AFR
4085	AFR
4086	AFR
4087	AFR
4088	AFR
4089	AFR
4090	AFR
4091	EUR
4092	EUR
4093	AFR
4094	AFR
4095	EUR
4096	AFR
4097	EUR
4098	EUR
4099	AFR
4100	AFR
4101	AFR
4102	AFR
4103	EUR
4104	AFR
4105	EUR
4106	0
4107	AFR
4108	AFR
4109	AFR
4110	AFR
4111	AFR
4112	AFR
4113	EUR
4114	EUR
4115	AFR
4116	EUR
4117	AFR
4118	EUR
4119	EUR
4120	AFR
4121	AFR
4122	AFR
4123	AFR
4124	EUR
4125	AFR
4126	EUR
4127	EUR
4128	AFR
4129	AFR
4130	EUR
4131	AFR
4132	AFR
4133	AFR
4134	AFR
4135	EUR
4136	AFR
4137	AFR
4138	AFR
4139	AFR
4140	AFR
4141	AFR
4142	AFR
4143	AFR
4144	AFR
4145	EUR
4146	AFR
4147	EUR
4148	AFR
4149	EUR
4150	EUR
4151	AFR
4152	EUR
4153	AFR
4154	AFR
4155	AFR
4156	AFR
4157	AFR
4158	AFR
4159	EUR
4160	AFR
4161	EUR
4162	EUR
4163	EUR
4164	EUR
4165	EUR
4166	AFR
4167	EUR
4168	EUR
4169	AFR
4170	AFR
4171	EUR
4172	AFR
4173	EUR
4174	EUR
4175	AFR
4176	AFR
4177	AFR
4178	EUR
4179	EUR
4180	EUR
4181	EUR
4182	AFR
4183	AFR
4184	EUR
4185	EUR
4186	AFR
4187	EUR
4188	AFR
4189	AFR
4190	EUR
4191	AFR
4192	EUR
4193	EUR
4194	EUR
4195	EUR
4196	EUR
4197	EUR
4198	AFR
4199	AFR
4200	EUR
4201	EUR
4202	EUR
4203	AFR
4204	AFR
4205	AFR
4206	AFR
4207	EUR
4208	AFR
4209	EUR
4210	EUR
4211	AFR
4212	AFR
4213	EUR
4214	AFR
4215	AFR
4216	AFR
4217	AFR
4218	EUR
4219	EUR
4220	AFR
4221	EUR
4222	AFR
4223	EUR
4224	EUR
4225	AFR
4226	EUR
4227	AFR
4228	AFR
4229	EUR
4230	EUR
4231	EUR
4232	EUR
4233	AFR
4234	AFR
4235	AFR
4236	AFR
4237	AFR
4238	AFR
4239	EUR
4240	AFR
4241	AFR
4242	EUR
4243	EUR
4244	EUR
4245	EUR
4246	EUR
4247	AFR
4248	AFR
4249	AFR
4250	AFR
4251	EUR
4252	EUR
4253	AFR
4254	EUR
4255	EUR
4256	AFR
4257	EUR
4258	AFR
4259	AFR
4260	EUR
4261	AFR
4262	AFR
4263	AFR
4264	AFR
4265	EUR
4266	AFR
4267	EUR
4268	AFR
4269	AFR
4270	AFR
4271	EUR
4272	EUR
4273	AFR
4274	AFR
4275	EUR
4276	EUR
4277	AFR
4278	AFR
4279	AFR
4280	AFR
4281	AFR
4282	AFR
4283	AFR
4284	EUR
4285	EUR
4286	EUR
4287	AFR
4288	AFR
4289	AFR
4290	AFR
4291	EUR
4292	AFR
4293	EUR
4294	AFR
4295	EUR
4296	EUR
4297	AFR
4298	EUR
4299	EUR
4300	EUR
4301	EUR
4302	AFR
4303	AFR
4304	EUR
4305	AFR
4306	EUR
4307	AFR
4308	AFR
4309	AFR
4310	AFR
4311	AFR
4312	AFR
4313	EUR
4314	EUR
4315	EUR
4316	AFR
4317	AFR
4318	EUR
4319	EUR
4320	AFR
4321	AFR
4322	AFR
4323	EUR
4324	AFR
4325	AFR
4326	AFR
4327	EUR
4328	EUR
4329	AFR
4330	AFR
4331	EUR
4332	AFR
4333	AFR
4334	AFR
4335	EUR
4336	AFR
4337	EUR
4338	EUR
4339	EUR
4340	AFR
4341	EUR
4342	AFR
4343	AFR
4344	AFR
4345	AFR
4346	EUR
4347	AFR
4348	AFR
4349	AFR
4350	AFR
4351	AFR
4352	EUR
4353	AFR
4354	AFR
4355	EUR
4356	AFR
4357	AFR
4358	EUR
4359	AFR
4360	EUR
4361	AFR
4362	AFR
4363	AFR
4364	EUR
4365	AFR
4366	EUR
4367	AFR
4368	AFR
4369	EUR
4370	EUR
4371	EUR
4372	EUR
4373	EUR
4374	AFR
4375	EUR
4376	EUR
4377	AFR
4378	AFR
4379	AFR
4380	EUR
4381	EUR
4382	EUR
4383	EUR
4384	EUR
4385	EUR
4386	EUR
4387	AFR
4388	AFR
4389	AFR
4390	EUR
4391	AFR
4392	EUR
4393	AFR
4394	EUR
4395	EUR
4396	EUR
4397	AFR
4398	AFR
4399	AFR
4400	AFR
4401	AFR
4402	AFR
4403	AFR
4404	EUR
4405	EUR
4406	AFR
4407	AFR
4408	AFR
4409	AFR
4410	AFR
4411	AFR
4412	AFR
4413	AFR
4414	EUR
4415	EUR
4416	AFR
4417	AFR
4418	AFR
4419	EUR
4420	EUR
4421	AFR
4422	EUR
4423	AFR
4424	AFR
4425	AFR
4426	AFR
4427	EUR
4428	EUR
4429	EUR
4430	AFR
4431	EUR
4432	AFR
4433	AFR
4434	AFR
4435	AFR
4436	EUR
4437	EUR
4438	AFR
4439	AFR
4440	AFR
4441	AFR
4442	EUR
4443	AFR
4444	AFR
4445	EUR
4446	AFR
4447	EUR
4448	EUR
4449	EUR
4450	AFR
4451	EUR
4452	AFR
4453	AFR
4454	AFR
4455	EUR
4456	AFR
4457	EUR
4458	EUR
4459	EUR
4460	AFR
4461	AFR
4462	AFR
4463	EUR
4464	EUR
4465	EUR
4466	EUR
4467	AFR
4468	EUR
4469	EUR
4470	AFR
4471	EUR
4472	AFR
4473	EUR
4474	EUR
4475	EUR
4476	AFR
4477	AFR
4478	AFR
4479	AFR
4480	AFR
4481	AFR
4482	EUR
4483	EUR
4484	EUR
4485	AFR
4486	AFR
4487	AFR
4488	EUR
4489	EUR
4490	AFR
4491	AFR
4492	AFR
4493	EUR
4494	EUR
4495	EUR
4496	AFR
4497	EUR
4498	AFR
4499	AFR
4500	AFR
4501	EUR
4502	EUR
4503	AFR
4504	AFR
4505	AFR
4506	AFR
4507	EUR
4508	EUR
4509	AFR
4510	EUR
4511	AFR
4512	EUR
4513	AFR
4514	AFR
4515	AFR
4516	EUR
4517	EUR
4518	AFR
4519	AFR
4520	AFR
4521	EUR
4522	AFR
4523	EUR
4524	AFR
4525	AFR
4526	AFR
4527	AFR
4528	AFR
4529	AFR
4530	AFR
4531	AFR
4532	EUR
4533	EUR
4534	EUR
4535	EUR
4536	EUR
4537	AFR
4538	EUR
4539	AFR
4540	AFR
4541	AFR
4542	EUR
4543	AFR
4544	AFR
4545	EUR
4546	AFR
4547	AFR
4548	EUR
4549	EUR
4550	AFR
4551	EUR
4552	AFR
4553	AFR
4554	EUR
4555	AFR
4556	EUR
4557	EUR
4558	EUR
4559	AFR
4560	EUR
4561	AFR
4562	AFR
4563	AFR
4564	AFR
4565	AFR
4566	EUR
4567	EUR
4568	AFR
4569	AFR
4570	EUR
4571	EUR
4572	AFR
4573	EUR
4574	AFR
4575	EUR
4576	AFR
4577	AFR
4578	AFR
4579	AFR
4580	AFR
4581	EUR
4582	AFR
4583	AFR
4584	EUR
4585	EUR
4586	EUR
4587	AFR
4588	AFR
4589	AFR
4590	AFR
4591	AFR
4592	EUR
4593	EUR
4594	AFR
4595	AFR
4596	AFR
4597	AFR
4598	AFR
4599	AFR
4600	AFR
4601	AFR
4602	AFR
4603	AFR
4604	EUR
4605	AFR
4606	AFR
4607	AFR
4608	EUR
4609	AFR
4610	AFR
4611	AFR
4612	EUR
4613	AFR
4614	EUR
4615	EUR
4616	EUR
4617	AFR
4618	AFR
4619	AFR
4620	EUR
4621	EUR
4622	AFR
4623	AFR
4624	AFR
4625	EUR
4626	AFR
4627	EUR
4628	EUR
4629	EUR
4630	EUR
4631	EUR
4632	AFR
4633	AFR
4634	EUR
4635	AFR
4636	EUR
4637	AFR
4638	EUR
4639	AFR
4640	AFR
4641	AFR
4642	AFR
4643	EUR
4644	EUR
4645	AFR
4646	AFR
4647	AFR
4648	EUR
4649	AFR
4650	EUR
4651	AFR
4652	AFR
4653	AFR
4654	EUR
4655	AFR
4656	AFR
4657	AFR
4658	AFR
4659	AFR
4660	AFR
4661	AFR
4662	AFR
4663	AFR
4664	EUR
4665	AFR
4666	AFR
4667	EUR
4668	EUR
4669	EUR
4670	AFR
4671	EUR
4672	AFR
4673	AFR
4674	AFR
4675	EUR
4676	AFR
4677	AFR
4678	EUR
4679	AFR
4680	AFR
4681	AFR
4682	EUR
4683	AFR
4684	AFR
4685	AFR
4686	EUR
4687	AFR
4688	AFR
4689	AFR
4690	EUR
4691	AFR
4692	AFR
4693	EUR
4694	EUR
4695	AFR
4696	AFR
4697	EUR
4698	AFR
4699	AFR
4700	EUR
4701	EUR
4702	EUR
4703	AFR
4704	EUR
4705	AFR
4706	AFR
4707	AFR
4708	AFR
4709	AFR
4710	EUR
4711	AFR
4712	EUR
4713	EUR
4714	AFR
4715	EUR
4716	AFR
4717	AFR
4718	EUR
4719	EUR
4720	EUR
4721	AFR
4722	AFR
4723	AFR
4724	AFR
4725	EUR
4726	EUR
4727	EUR
4728	AFR
4729	AFR
4730	AFR
4731	EUR
4732	AFR
4733	AFR
4734	AFR
4735	AFR
4736	AFR
4737	EUR
4738	EUR
4739	AFR
4740	EUR
4741	EUR
4742	AFR
4743	AFR
4744	EUR
4745	EUR
4746	EUR
4747	AFR
4748	AFR
4749	EUR
4750	AFR
4751	AFR
4752	EUR
4753	EUR
4754	AFR
4755	EUR
4756	EUR
4757	EUR
4758	AFR
4759	EUR
4760	EUR
4761	AFR
4762	EUR
4763	AFR
4764	EUR
4765	EUR
4766	AFR
4767	EUR
4768	AFR
4769	AFR
4770	EUR
4771	EUR
4772	AFR
4773	AFR
4774	AFR
4775	AFR
4776	EUR
4777	EUR
4778	AFR
4779	AFR
4780	AFR
4781	AFR
4782	AFR
4783	AFR
4784	AFR
4785	EUR
4786	EUR
4787	EUR
4788	AFR
4789	AFR
4790	AFR
4791	EUR
4792	EUR
4793	AFR
4794	AFR
4795	EUR
4796	AFR
4797	AFR
4798	AFR
4799	AFR
4800	EUR
4801	EUR
4802	EUR
4803	AFR
4804	AFR
4805	EUR
4806	AFR
4807	AFR
4808	AFR
4809	AFR
4810	AFR
4811	EUR
4812	AFR
4813	EUR
4814	AFR
4815	EUR
4816	AFR
4817	AFR
4818	EUR
4819	AFR
4820	EUR
4821	AFR
4822	AFR
4823	AFR
4824	AFR
4825	EUR
4826	EUR
4827	AFR
4828	EUR
4829	EUR
4830	AFR
4831	AFR
4832	AFR
4833	EUR
4834	EUR
4835	AFR
4836	EUR
4837	EUR
4838	AFR
4839	AFR
4840	EUR
4841	AFR
4842	AFR
4843	AFR
4844	AFR
4845	EUR
4846	EUR
4847	AFR
4848	AFR
4849	AFR
4850	AFR
4851	AFR
4852	EUR
4853	EUR
4854	EUR
4855	AFR
4856	AFR
4857	AFR
4858	EUR
4859	EUR
4860	EUR
4861	AFR
4862	AFR
4863	EUR
4864	EUR
4865	AFR
4866	AFR
4867	AFR
4868	AFR
4869	AFR
4870	AFR
4871	EUR
4872	EUR
4873	EUR
4874	AFR
4875	AFR
4876	AFR
4877	AFR
4878	EUR
4879	AFR
4880	AFR
4881	EUR
4882	AFR
4883	AFR
4884	AFR
4885	AFR
4886	EUR
4887	EUR
4888	EUR
4889	EUR
4890	EUR
4891	AFR
4892	AFR
4893	AFR
4894	AFR
4895	AFR
4896	AFR
4897	AFR
4898	EUR
4899	EUR
4900	AFR
4901	EUR
4902	AFR
4903	EUR
4904	EUR
4905	EUR
4906	AFR
4907	EUR
4908	AFR
4909	AFR
4910	AFR
4911	AFR
4912	EUR
4913	EUR
4914	AFR
4915	AFR
4916	AFR
4917	EUR
4918	AFR
4919	EUR
4920	EUR
4921	AFR
4922	EUR
4923	AFR
4924	AFR
4925	AFR
4926	EUR
4927	AFR
4928	EUR
4929	EUR
4930	AFR
4931	AFR
4932	EUR
4933	AFR
4934	AFR
4935	EUR
4936	AFR
4937	AFR
4938	EUR
4939	AFR
4940	AFR
4941	AFR
4942	AFR
4943	AFR
4944	AFR
4945	AFR
4946	EUR
4947	AFR
4948	AFR
4949	EUR
4950	AFR
4951	AFR
4952	EUR
4953	EUR
4954	AFR
4955	EUR
4956	AFR
4957	EUR
4958	EUR
4959	AFR
4960	AFR
4961	EUR
4962	AFR
4963	AFR
4964	AFR
4965	AFR
4966	EUR
4967	AFR
4968	AFR
4969	EUR
4970	EUR
4971	EUR
4972	AFR
4973	EUR
4974	EUR
4975	EUR
4976	AFR
4977	AFR
4978	AFR
4979	AFR
4980	AFR
4981	AFR
4982	AFR
4983	EUR
4984	AFR
4985	EUR
4986	AFR
4987	EUR
4988	AFR
4989	AFR
4990	EUR
4991	AFR
4992	AFR
4993	AFR
4994	AFR
4995	EUR
4996	EUR
4997	AFR
4998	AFR
4999	AFR
5000	EUR
5001	AFR
5002	EUR
5003	EUR
5004	EUR
5005	EUR
5006	AFR
5007	AFR
5008	EUR
5009	AFR
5010	AFR
5011	EUR
5012	AFR
5013	AFR
5014	EUR
5015	AFR
5016	AFR
5017	EUR
5018	AFR
5019	AFR
5020	EUR
5021	AFR
5022	AFR
5023	AFR
5024	EUR
5025	AFR
5026	EUR
5027	EUR
5028	EUR
5029	EUR
5030	AFR
5031	AFR
5032	AFR
5033	EUR
5034	AFR
5035	AFR
5036	EUR
5037	AFR
5038	AFR
5039	EUR
5040	AFR
5041	AFR
5042	EUR
5043	EUR
5044	AFR
5045	EUR
5046	EUR
5047	EUR
5048	EUR
5049	AFR
5050	AFR
5051	AFR
5052	AFR
5053	EUR
5054	AFR
5055	AFR
5056	EUR
5057	AFR
5058	EUR
5059	AFR
5060	AFR
5061	AFR
5062	EUR
5063	AFR
5064	AFR
5065	AFR
5066	EUR
5067	AFR
5068	AFR
5069	EUR
5070	EUR
5071	AFR
5072	EUR
5073	EUR
5074	EUR
5075	EUR
5076	EUR
5077	EUR
5078	AFR
5079	EUR
5080	AFR
5081	AFR
5082	AFR
5083	AFR
5084	EUR
5085	AFR
5086	AFR
5087	AFR
5088	AFR
5089	AFR
5090	EUR
5091	AFR
5092	AFR
5093	AFR
5094	AFR
5095	AFR
5096	AFR
5097	AFR
5098	EUR
5099	EUR
5100	AFR
5101	EUR
5102	AFR
5103	EUR
5104	EUR
5105	AFR
5106	AFR
5107	EUR
5108	AFR
5109	AFR
5110	AFR
5111	AFR
5112	EUR
5113	EUR
5114	AFR
5115	EUR
5116	EUR
5117	AFR
5118	AFR
5119	AFR
5120	AFR
5121	EUR
5122	AFR
5123	AFR
5124	AFR
5125	EUR
5126	EUR
5127	AFR
5128	EUR
5129	EUR
5130	EUR
5131	AFR
5132	AFR
5133	EUR
5134	AFR
5135	AFR
5136	AFR
5137	AFR
5138	AFR
5139	EUR
5140	EUR
5141	AFR
5142	AFR
5143	AFR
5144	AFR
5145	AFR
5146	AFR
5147	EUR
5148	AFR
5149	AFR
5150	EUR
5151	EUR
5152	AFR
5153	AFR
5154	AFR
5155	AFR
5156	AFR
5157	AFR
5158	EUR
5159	AFR
5160	EUR
5161	EUR
5162	AFR
5163	AFR
5164	EUR
5165	EUR
5166	AFR
5167	EUR
5168	EUR
5169	AFR
5170	AFR
5171	AFR
5172	AFR
5173	AFR
5174	AFR
5175	AFR
5176	AFR
5177	EUR
5178	AFR
5179	AFR
5180	AFR
5181	AFR
5182	EUR
5183	AFR
5184	EUR
5185	AFR
5186	AFR
5187	AFR
5188	EUR
5189	AFR
5190	EUR
5191	AFR
5192	EUR
5193	EUR
5194	AFR
5195	AFR
5196	AFR
5197	EUR
5198	EUR
5199	AFR
5200	EUR
5201	EUR
5202	AFR
5203	AFR
5204	AFR
5205	AFR
5206	AFR
5207	AFR
5208	AFR
5209	EUR
5210	AFR
5211	AFR
5212	AFR
5213	AFR
5214	AFR
5215	AFR
5216	AFR
5217	AFR
5218	AFR
5219	EUR
5220	EUR
5221	AFR
5222	AFR
5223	EUR
5224	EUR
5225	EUR
5226	EUR
5227	EUR
5228	AFR
5229	AFR
5230	EUR
5231	EUR
5232	AFR
5233	EUR
5234	AFR
5235	AFR
5236	AFR
5237	AFR
5238	EUR
5239	AFR
5240	EUR
5241	AFR
5242	AFR
5243	EUR
5244	AFR
5245	EUR
5246	EUR
5247	EUR
5248	AFR
5249	AFR
5250	EUR
5251	EUR
5252	AFR
5253	AFR
5254	EUR
5255	EUR
5256	EUR
5257	AFR
5258	AFR
5259	AFR
5260	AFR
5261	EUR
5262	AFR
5263	EUR
5264	EUR
5265	AFR
5266	AFR
5267	AFR
5268	EUR
5269	EUR
5270	AFR
5271	EUR
5272	AFR
5273	EUR
5274	AFR
5275	AFR
5276	EUR
5277	AFR
5278	EUR
5279	AFR
5280	EUR
5281	AFR
5282	AFR
5283	AFR
5284	AFR
5285	EUR
5286	EUR
5287	EUR
5288	AFR
5289	AFR
5290	AFR
5291	AFR
5292	AFR
5293	AFR
5294	EUR
5295	AFR
5296	EUR
5297	EUR
5298	AFR
5299	AFR
5300	EUR
5301	EUR
5302	AFR
5303	AFR
5304	EUR
5305	EUR
5306	EUR
5307	EUR
5308	EUR
5309	EUR
5310	EUR
5311	EUR
5312	AFR
5313	AFR
5314	EUR
5315	AFR
5316	AFR
5317	AFR
5318	EUR
5319	EUR
5320	EUR
5321	EUR
5322	AFR
5323	AFR
5324	AFR
5325	AFR
5326	EUR
5327	EUR
5328	AFR
5329	EUR
5330	AFR
5331	AFR
5332	AFR
5333	EUR
5334	AFR
5335	EUR
5336	AFR
5337	AFR
5338	AFR
5339	AFR
5340	EUR
5341	AFR
5342	EUR
5343	AFR
5344	EUR
5345	AFR
5346	AFR
5347	AFR
5348	EUR
5349	AFR
5350	AFR
5351	AFR
5352	EUR
5353	AFR
5354	EUR
5355	EUR
5356	AFR
5357	AFR
5358	AFR
5359	AFR
5360	AFR
5361	EUR
5362	EUR
5363	EUR
5364	AFR
5365	EUR
5366	EUR
5367	AFR
5368	EUR
5369	EUR
5370	EUR
5371	EUR
5372	AFR
5373	AFR
5374	AFR
5375	AFR
5376	AFR
5377	AFR
5378	AFR
5379	AFR
5380	AFR
5381	EUR
5382	AFR
5383	EUR
5384	EUR
5385	AFR
5386	AFR
5387	EUR
5388	AFR
5389	AFR
5390	AFR
5391	AFR
5392	AFR
5393	EUR
5394	AFR
5395	EUR
5396	EUR
5397	AFR
5398	AFR
5399	EUR
5400	AFR
5401	AFR
5402	EUR
5403	AFR
5404	EUR
5405	AFR
5406	AFR
5407	AFR
5408	AFR
5409	AFR
5410	AFR
5411	AFR
5412	AFR
5413	AFR
5414	AFR
5415	AFR
5416	AFR
5417	EUR
5418	EUR
5419	AFR
5420	EUR
5421	AFR
5422	EUR
5423	EUR
5424	AFR
5425	EUR
5426	AFR
5427	EUR
5428	EUR
5429	EUR
5430	EUR
5431	AFR
5432	AFR
5433	EUR
5434	EUR
5435	EUR
5436	EUR
5437	AFR
5438	EUR
5439	EUR
5440	EUR
5441	AFR
5442	AFR
5443	AFR
5444	AFR
5445	EUR
5446	AFR
5447	AFR
5448	AFR
5449	AFR
5450	EUR
5451	EUR
5452	EUR
5453	AFR
5454	EUR
5455	EUR
5456	AFR
5457	AFR
5458	AFR
5459	AFR
5460	EUR
5461	AFR
5462	AFR
5463	EUR
5464	AFR
5465	EUR
5466	AFR
5467	AFR
5468	AFR
5469	AFR
5470	AFR
5471	AFR
5472	EUR
5473	AFR
5474	EUR
5475	AFR
5476	AFR
5477	AFR
5478	AFR
5479	EUR
5480	AFR
5481	AFR
5482	EUR
5483	AFR
5484	AFR
5485	AFR
5486	AFR
5487	EUR
5488	AFR
5489	AFR
5490	AFR
5491	EUR
5492	EUR
5493	AFR
5494	AFR
5495	EUR
5496	AFR
5497	EUR
5498	EUR
5499	AFR
5500	AFR
5501	AFR
5502	EUR
5503	AFR
5504	EUR
5505	EUR
5506	AFR
5507	EUR
5508	AFR
5509	AFR
5510	AFR
5511	AFR
5512	AFR
5513	AFR
5514	AFR
5515	EUR
5516	AFR
5517	EUR
5518	AFR
5519	AFR
5520	AFR
5521	EUR
5522	AFR
5523	AFR
5524	AFR
5525	EUR
5526	AFR
5527	EUR
5528	AFR
5529	AFR
5530	AFR
5531	AFR
5532	EUR
5533	EUR
5534	EUR
5535	EUR
5536	AFR
5537	EUR
5538	EUR
5539	AFR
5540	AFR
5541	AFR
5542	AFR
5543	AFR
5544	AFR
5545	AFR
5546	AFR
5547	AFR
5548	AFR
5549	AFR
5550	EUR
5551	AFR
5552	AFR
5553	AFR
5554	EUR
5555	AFR
5556	AFR
5557	AFR
5558	EUR
5559	EUR
5560	AFR
5561	EUR
5562	AFR
5563	EUR
5564	EUR
5565	AFR
5566	EUR
5567	AFR
5568	EUR
5569	AFR
5570	AFR
5571	EUR
5572	EUR
5573	AFR
5574	AFR
5575	AFR
5576	AFR
5577	AFR
5578	EUR
5579	EUR
5580	0
5581	AFR
5582	AFR
5583	AFR
5584	EUR
5585	EUR
5586	AFR
5587	EUR
5588	EUR
5589	AFR
5590	EUR
5591	EUR
5592	AFR
5593	EUR
5594	AFR
5595	EUR
5596	AFR
5597	EUR
5598	EUR
5599	AFR
5600	EUR
5601	AFR
5602	AFR
5603	AFR
5604	AFR
5605	AFR
5606	AFR
5607	AFR
5608	EUR
5609	AFR
5610	AFR
5611	AFR
5612	AFR
5613	EUR
5614	AFR
5615	EUR
5616	EUR
5617	EUR
5618	AFR
5619	EUR
5620	EUR
5621	AFR
5622	EUR
5623	EUR
5624	EUR
5625	AFR
5626	EUR
5627	AFR
5628	EUR
5629	EUR
5630	EUR
5631	AFR
5632	AFR
5633	EUR
5634	AFR
5635	AFR
5636	AFR
5637	EUR
5638	EUR
5639	AFR
5640	AFR
5641	EUR
5642	AFR
5643	AFR
5644	AFR
5645	AFR
5646	AFR
5647	AFR
5648	EUR
5649	AFR
5650	AFR
5651	EUR
5652	AFR
5653	AFR
5654	EUR
5655	EUR
5656	AFR
5657	AFR
5658	AFR
5659	AFR
5660	AFR
5661	EUR
5662	EUR
5663	AFR
5664	EUR
5665	AFR
5666	AFR
5667	EUR
5668	AFR
5669	EUR
5670	EUR
5671	AFR
5672	AFR
5673	AFR
5674	EUR
5675	AFR
5676	EUR
5677	AFR
5678	AFR
5679	AFR
5680	AFR
5681	AFR
5682	AFR
5683	AFR
5684	EUR
5685	AFR
5686	AFR
5687	AFR
5688	EUR
5689	AFR
5690	EUR
5691	AFR
5692	EUR
5693	AFR
5694	AFR
5695	AFR
5696	EUR
5697	AFR
5698	EUR
5699	EUR
5700	EUR
5701	AFR
5702	AFR
5703	AFR
5704	AFR
5705	AFR
5706	AFR
5707	EUR
5708	EUR
5709	AFR
5710	AFR
5711	AFR
5712	AFR
5713	AFR
5714	EUR
5715	AFR
5716	EUR
5717	EUR
5718	EUR
5719	EUR
5720	AFR
5721	EUR
5722	AFR
5723	AFR
5724	AFR
5725	AFR
5726	EUR
5727	EUR
5728	AFR
5729	AFR
5730	AFR
5731	AFR
5732	AFR
5733	AFR
5734	AFR
5735	EUR
5736	EUR
5737	EUR
5738	EUR
5739	EUR
5740	AFR
5741	AFR
5742	AFR
5743	AFR
5744	EUR
5745	AFR
5746	AFR
5747	AFR
5748	EUR
5749	EUR
5750	EUR
5751	AFR
5752	AFR
5753	EUR
5754	AFR
5755	AFR
5756	AFR
5757	AFR
5758	EUR
5759	EUR
5760	EUR
5761	AFR
5762	EUR
5763	AFR
5764	EUR
5765	AFR
5766	EUR
5767	AFR
5768	AFR
5769	EUR
5770	EUR
5771	AFR
5772	EUR
5773	AFR
5774	EUR
5775	AFR
5776	EUR
5777	AFR
5778	AFR
5779	AFR
5780	EUR
5781	EUR
5782	AFR
5783	EUR
5784	EUR
5785	AFR
5786	AFR
5787	AFR
5788	AFR
5789	AFR
5790	EUR
5791	AFR
5792	AFR
5793	AFR
5794	EUR
5795	AFR
5796	AFR
5797	EUR
5798	AFR
5799	AFR
5800	EUR
5801	EUR
5802	EUR
5803	EUR
5804	AFR
5805	AFR
5806	AFR
5807	EUR
5808	EUR
5809	EUR
5810	EUR
5811	EUR
5812	AFR
5813	AFR
5814	EUR
5815	EUR
5816	AFR
5817	EUR
5818	AFR
5819	AFR
5820	AFR
5821	AFR
5822	AFR
5823	AFR
5824	AFR
5825	AFR
5826	EUR
5827	AFR
5828	EUR
